"Txhash","Blockno","UnixTimestamp","DateTime","From","To","ContractAddress","Value_IN(MATIC)","Value_OUT(MATIC)","CurrentValue @ $0.6355/MATIC","TxnFee(MATIC)","TxnFee(USD)","Historical $Price/MATIC","Status","ErrCode","Method"
"0xbbbc7e996d18fc9328618dbdc1a9ef804beb0c835c17c0d8c737e79d30ea63ea","43903051","1686747141","2023-06-14 12:52:21","0x25375e1dafa37a31069d323a37a6f93eaf356123","","0x038c0998f580798f849ee8841a7e5dd5040f8df8","0","0","0","1.4978982","0.9519143061","0.62","","","0x61010060",""
"0x230154cfbebf1dbdc634d12beebdbc746362172a5f4c9835c6c5beb549dfb563","43903057","1686747155","2023-06-14 12:52:35","0x25375e1dafa37a31069d323a37a6f93eaf356123","0x038c0998f580798f849ee8841a7e5dd5040f8df8","","0","0","0","0.030909","0.0196426695","0.62","","","Grant Role",""
"0x9acd82ae7503dbc1c0f70ad2a33ba275af6a65d4e845934f46b096fd16a406e3","43903619","1686748398","2023-06-14 13:13:18","0xfbb01a6d78cdeef45f381e9975c652c7ef3e7c52","0x038c0998f580798f849ee8841a7e5dd5040f8df8","","0","0","0","0.0469076","0.0298097798","0.62","","","Mint",""
"0x5143e43daf8644df55fddb77fae25766113e5fbd1c41f12e4966b871dd404af1","43903622","1686748404","2023-06-14 13:13:24","0xfbb01a6d78cdeef45f381e9975c652c7ef3e7c52","0x038c0998f580798f849ee8841a7e5dd5040f8df8","","0","0","0","0.0332276","0.0211161398","0.62","","","Mint",""
"0x93df67ef972a2783922113d2a4d75de34555dfbed0c2c257efdb28e38ecda524","43903627","1686748414","2023-06-14 13:13:34","0xfbb01a6d78cdeef45f381e9975c652c7ef3e7c52","0x038c0998f580798f849ee8841a7e5dd5040f8df8","","0","0","0","0.0332276","0.0211161398","0.62","","","Mint",""
"0x6627cb68bafe4f1f239cd7ff32849cdf372aec5a277152fc0e0859fa9c684b06","43903630","1686748420","2023-06-14 13:13:40","0xfbb01a6d78cdeef45f381e9975c652c7ef3e7c52","0x038c0998f580798f849ee8841a7e5dd5040f8df8","","0","0","0","0.0332276","0.0211161398","0.62","","","Mint",""
"0x590763310b924f9eaae136a121f840586fe039b35e908952f048e878456898cf","43903633","1686748428","2023-06-14 13:13:48","0xfbb01a6d78cdeef45f381e9975c652c7ef3e7c52","0x038c0998f580798f849ee8841a7e5dd5040f8df8","","0","0","0","0.0332276","0.0211161398","0.62","","","Mint",""
"0x0f27c505565b4d8dbb5ca3d73542fbf8ead35a1fb6b577c5f9aaceab1671e1c6","43903637","1686748436","2023-06-14 13:13:56","0xfbb01a6d78cdeef45f381e9975c652c7ef3e7c52","0x038c0998f580798f849ee8841a7e5dd5040f8df8","","0","0","0","0.0332276","0.0211161398","0.62","","","Mint",""
"0x634d4fbafc203363dcbadebeba362c35ec6680e887c2e06fe4fdbadab169fd08","43903642","1686748446","2023-06-14 13:14:06","0xfbb01a6d78cdeef45f381e9975c652c7ef3e7c52","0x038c0998f580798f849ee8841a7e5dd5040f8df8","","0","0","0","0.0332276","0.0211161398","0.62","","","Mint",""
"0x78cbbcd964a784257773287cd5a8d7e549e96d9cdee01a8533469e2df61b04e9","43903646","1686748454","2023-06-14 13:14:14","0xfbb01a6d78cdeef45f381e9975c652c7ef3e7c52","0x038c0998f580798f849ee8841a7e5dd5040f8df8","","0","0","0","0.0332276","0.0211161398","0.62","","","Mint",""
"0x604127d306b754f060c619a7da21f54a9495a6b69c8620d9d735313c9683f041","43903649","1686748462","2023-06-14 13:14:22","0xfbb01a6d78cdeef45f381e9975c652c7ef3e7c52","0x038c0998f580798f849ee8841a7e5dd5040f8df8","","0","0","0","0.0332276","0.0211161398","0.62","","","Mint",""
"0xe16a3e897d497ef4411d98834b1aaad6c966164b158e038689f7a1d12fad0b32","43903653","1686748470","2023-06-14 13:14:30","0xfbb01a6d78cdeef45f381e9975c652c7ef3e7c52","0x038c0998f580798f849ee8841a7e5dd5040f8df8","","0","0","0","0.0332276","0.0211161398","0.62","","","Mint",""
"0x81793368e891b45188f124e23e16f30d9ffcbeb736df910246299f84da1deeb7","43903657","1686748478","2023-06-14 13:14:38","0xfbb01a6d78cdeef45f381e9975c652c7ef3e7c52","0x038c0998f580798f849ee8841a7e5dd5040f8df8","","0","0","0","0.0332324","0.0211191902","0.62","","","Mint",""
"0xb50e0b7a4fb9507dface19746e256f2bd84c31c26d6f16a400fb0cfc2eb8b9ac","43903661","1686748486","2023-06-14 13:14:46","0xfbb01a6d78cdeef45f381e9975c652c7ef3e7c52","0x038c0998f580798f849ee8841a7e5dd5040f8df8","","0","0","0","0.0332324","0.0211191902","0.62","","","Mint",""
"0xc60e1eb77cc9be076b4a8b3a16a713c9ead032775d7f57fe2ee55056fa6f6300","43903665","1686748496","2023-06-14 13:14:56","0xfbb01a6d78cdeef45f381e9975c652c7ef3e7c52","0x038c0998f580798f849ee8841a7e5dd5040f8df8","","0","0","0","0.0332324","0.0211191902","0.62","","","Mint",""
"0x24e6a3d6219514374793c7865aecb16f64266172c5fff278f60eaa3de426113d","43903668","1686748502","2023-06-14 13:15:02","0xfbb01a6d78cdeef45f381e9975c652c7ef3e7c52","0x038c0998f580798f849ee8841a7e5dd5040f8df8","","0","0","0","0.0332324","0.0211191902","0.62","","","Mint",""
"0x48680e356a18e38c4f32f72c0cdbc7f1f7686990cd511026344805c166e6d431","43903672","1686748510","2023-06-14 13:15:10","0xfbb01a6d78cdeef45f381e9975c652c7ef3e7c52","0x038c0998f580798f849ee8841a7e5dd5040f8df8","","0","0","0","0.0332324","0.0211191902","0.62","","","Mint",""
"0x05e7197e037091a5e9d24dc8b594655014dc33afde54463ee3777419d1eb1175","43903677","1686748520","2023-06-14 13:15:20","0xfbb01a6d78cdeef45f381e9975c652c7ef3e7c52","0x038c0998f580798f849ee8841a7e5dd5040f8df8","","0","0","0","0.0332324","0.0211191902","0.62","","","Mint",""
"0xbf0e5b6ae054385120f1c08bbe15764e81f842d85d779d3b43352d8b36a8cb87","43903680","1686748528","2023-06-14 13:15:28","0xfbb01a6d78cdeef45f381e9975c652c7ef3e7c52","0x038c0998f580798f849ee8841a7e5dd5040f8df8","","0","0","0","0.0332324","0.0211191902","0.62","","","Mint",""
"0x6993bf67285608a899bfa046a755585fd2c7bd1ca8e78991ece6b3844db28c87","43903684","1686748536","2023-06-14 13:15:36","0xfbb01a6d78cdeef45f381e9975c652c7ef3e7c52","0x038c0998f580798f849ee8841a7e5dd5040f8df8","","0","0","0","0.0332324","0.0211191902","0.62","","","Mint",""
"0x21097dea68a288cb0d7f0bb182f973a2640408a59078ce3f119dc854047b4f43","43903687","1686748542","2023-06-14 13:15:42","0xfbb01a6d78cdeef45f381e9975c652c7ef3e7c52","0x038c0998f580798f849ee8841a7e5dd5040f8df8","","0","0","0","0.0332324","0.0211191902","0.62","","","Mint",""
"0x98fdc66dca542312189378e820bf774e7cbdb03e85e9cf30f834c345cb49ecda","43903691","1686748550","2023-06-14 13:15:50","0xfbb01a6d78cdeef45f381e9975c652c7ef3e7c52","0x038c0998f580798f849ee8841a7e5dd5040f8df8","","0","0","0","0.0332324","0.0211191902","0.62","","","Mint",""
"0x98f103834bfd54b53792fd2ecab18cf9b169c096936e8cb3bd78ad83efd44113","43903695","1686748558","2023-06-14 13:15:58","0xfbb01a6d78cdeef45f381e9975c652c7ef3e7c52","0x038c0998f580798f849ee8841a7e5dd5040f8df8","","0","0","0","0.0332324","0.0211191902","0.62","","","Mint",""
"0xd04bc97190dfce8be224f8334f2d27d8c1759bd2d9d9b2cb106188ecac53aefe","43903699","1686748568","2023-06-14 13:16:08","0xfbb01a6d78cdeef45f381e9975c652c7ef3e7c52","0x038c0998f580798f849ee8841a7e5dd5040f8df8","","0","0","0","0.0332324","0.0211191902","0.62","","","Mint",""
"0x9ecfa80cca9bbcdc77e99fd99121ffba9d3f116e7a5e605ba05de944f6cd1008","43903703","1686748576","2023-06-14 13:16:16","0xfbb01a6d78cdeef45f381e9975c652c7ef3e7c52","0x038c0998f580798f849ee8841a7e5dd5040f8df8","","0","0","0","0.0332324","0.0211191902","0.62","","","Mint",""
"0x614abd89d1dc42544508e31f1568a4505f930f05822f39de739d679e3cb24ea4","43903706","1686748582","2023-06-14 13:16:22","0xfbb01a6d78cdeef45f381e9975c652c7ef3e7c52","0x038c0998f580798f849ee8841a7e5dd5040f8df8","","0","0","0","0.0332324","0.0211191902","0.62","","","Mint",""
"0xdc8ad0497c41b33fddfd0895856004871ed6c93859a16108f30ddd9771c57bda","43903710","1686748590","2023-06-14 13:16:30","0xfbb01a6d78cdeef45f381e9975c652c7ef3e7c52","0x038c0998f580798f849ee8841a7e5dd5040f8df8","","0","0","0","0.0332324","0.0211191902","0.62","","","Mint",""
"0x3b07191499b2853e6536020c7a857d384e133616f2b77ffacf9490931cac46dd","43903713","1686748602","2023-06-14 13:16:42","0xfbb01a6d78cdeef45f381e9975c652c7ef3e7c52","0x038c0998f580798f849ee8841a7e5dd5040f8df8","","0","0","0","0.0332324","0.0211191902","0.62","","","Mint",""
"0xa1aa03028b25968c629e41cc628c971f2952676fc7f68a6e14931a60034fd471","43903715","1686748610","2023-06-14 13:16:50","0xfbb01a6d78cdeef45f381e9975c652c7ef3e7c52","0x038c0998f580798f849ee8841a7e5dd5040f8df8","","0","0","0","0.0332324","0.0211191902","0.62","","","Mint",""
"0x906d0eb4a6e219b5c4b0611351ec65653847ea029af85647b66c0d5ed27d5842","43903717","1686748618","2023-06-14 13:16:58","0xfbb01a6d78cdeef45f381e9975c652c7ef3e7c52","0x038c0998f580798f849ee8841a7e5dd5040f8df8","","0","0","0","0.0332324","0.0211191902","0.62","","","Mint",""
"0xb48ff6f84d1f51d0edc6404a93ca0fa509e4430311e2e19908bf76a3b0156af1","43903719","1686748626","2023-06-14 13:17:06","0xfbb01a6d78cdeef45f381e9975c652c7ef3e7c52","0x038c0998f580798f849ee8841a7e5dd5040f8df8","","0","0","0","0.0332324","0.0211191902","0.62","","","Mint",""
"0x3d5629adffd9ca2dde906a1dc786645b15053969dba4acb5bdee4846f9d12491","43903721","1686748634","2023-06-14 13:17:14","0xfbb01a6d78cdeef45f381e9975c652c7ef3e7c52","0x038c0998f580798f849ee8841a7e5dd5040f8df8","","0","0","0","0.0332324","0.0211191902","0.62","","","Mint",""
"0x9d1ec445dc505f69a87291066f2458a9cb301ef91364f8f1a088edcce93be795","43903722","1686748638","2023-06-14 13:17:18","0xfbb01a6d78cdeef45f381e9975c652c7ef3e7c52","0x038c0998f580798f849ee8841a7e5dd5040f8df8","","0","0","0","0.0332324","0.0211191902","0.62","","","Mint",""
"0x72a8961c02bc73d90d6828bb55f6adeb2d513c4c7c72d8bc5d42e3d8c646967f","43903724","1686748646","2023-06-14 13:17:26","0xfbb01a6d78cdeef45f381e9975c652c7ef3e7c52","0x038c0998f580798f849ee8841a7e5dd5040f8df8","","0","0","0","0.0332324","0.0211191902","0.62","","","Mint",""
"0xc9d1371c1610371173e372bfa19e32d815d7e9418b0f7fe6c00080e74191ee6e","43903726","1686748654","2023-06-14 13:17:34","0xfbb01a6d78cdeef45f381e9975c652c7ef3e7c52","0x038c0998f580798f849ee8841a7e5dd5040f8df8","","0","0","0","0.0332324","0.0211191902","0.62","","","Mint",""
"0x01ec21ee404476a3f58543c6b064a528493b2d3adc35e04e1ea5979eed76e952","43903732","1686748670","2023-06-14 13:17:50","0xfbb01a6d78cdeef45f381e9975c652c7ef3e7c52","0x038c0998f580798f849ee8841a7e5dd5040f8df8","","0","0","0","0.0332324","0.0211191902","0.62","","","Mint",""
"0x3f15d3aa3806f01e38a98fde9ec624291b9fb01413b2485d4bbcd12671e08b58","43903925","1686749080","2023-06-14 13:24:40","0xfbb01a6d78cdeef45f381e9975c652c7ef3e7c52","0x038c0998f580798f849ee8841a7e5dd5040f8df8","","0","0","0","0.0332324","0.0211191902","0.62","","","Mint",""
"0xa90e4086c6518cf6a8a522d3d3caedd3a96d8e6b5f6370348a293a96aa46da73","43903929","1686749088","2023-06-14 13:24:48","0xfbb01a6d78cdeef45f381e9975c652c7ef3e7c52","0x038c0998f580798f849ee8841a7e5dd5040f8df8","","0","0","0","0.0332324","0.0211191902","0.62","","","Mint",""
"0xc8c965c48bb082a705d43fc2cc9714b90942d7b9b7e0d5d47487df633c1b0612","43903934","1686749098","2023-06-14 13:24:58","0xfbb01a6d78cdeef45f381e9975c652c7ef3e7c52","0x038c0998f580798f849ee8841a7e5dd5040f8df8","","0","0","0","0.0332324","0.0211191902","0.62","","","Mint",""
"0xc95deccbad10300db5faea776ea17ffe9aead474ad5af77babde3f600b041994","43903937","1686749106","2023-06-14 13:25:06","0xfbb01a6d78cdeef45f381e9975c652c7ef3e7c52","0x038c0998f580798f849ee8841a7e5dd5040f8df8","","0","0","0","0.0332324","0.0211191902","0.62","","","Mint",""
"0x97d14476f0ef00d9f9cc2da62b664e3f1d8753473514e138f397e8e1769eaa29","43903940","1686749112","2023-06-14 13:25:12","0xfbb01a6d78cdeef45f381e9975c652c7ef3e7c52","0x038c0998f580798f849ee8841a7e5dd5040f8df8","","0","0","0","0.0332324","0.0211191902","0.62","","","Mint",""
"0x8cea22b0fb06ce162deac141f8d273cc10f32a2c2dd873b74acf3743f31488a7","43903945","1686749122","2023-06-14 13:25:22","0xfbb01a6d78cdeef45f381e9975c652c7ef3e7c52","0x038c0998f580798f849ee8841a7e5dd5040f8df8","","0","0","0","0.0332324","0.0211191902","0.62","","","Mint",""
"0x4fc41bd11dcce8530f8b70f26d82ded4df32a43f6fc263c0cabd86a5318ff0fe","43903949","1686749130","2023-06-14 13:25:30","0xfbb01a6d78cdeef45f381e9975c652c7ef3e7c52","0x038c0998f580798f849ee8841a7e5dd5040f8df8","","0","0","0","0.0332324","0.0211191902","0.62","","","Mint",""
"0x1adbf26e5aec31e55820fee5def211eab8c98092206af96b5382bd3b6ece576c","43903952","1686749140","2023-06-14 13:25:40","0xfbb01a6d78cdeef45f381e9975c652c7ef3e7c52","0x038c0998f580798f849ee8841a7e5dd5040f8df8","","0","0","0","0.0332324","0.0211191902","0.62","","","Mint",""
"0xdf40678f7e71221b5d1f7ff2d75aeea70f28c8f492dffd4b5307b98b31749d88","43903954","1686749148","2023-06-14 13:25:48","0xfbb01a6d78cdeef45f381e9975c652c7ef3e7c52","0x038c0998f580798f849ee8841a7e5dd5040f8df8","","0","0","0","0.0332324","0.0211191902","0.62","","","Mint",""
"0xcfe9fffc27b5363fe2afb60c03142d65b273b9b6a6899fe929fa4ba76f205c4c","43903956","1686749156","2023-06-14 13:25:56","0xfbb01a6d78cdeef45f381e9975c652c7ef3e7c52","0x038c0998f580798f849ee8841a7e5dd5040f8df8","","0","0","0","0.0332324","0.0211191902","0.62","","","Mint",""
"0xd9436995e1aefc0ff1982934b86e87bad0079364cd0a034800a4ce44eb325a91","43903958","1686749164","2023-06-14 13:26:04","0xfbb01a6d78cdeef45f381e9975c652c7ef3e7c52","0x038c0998f580798f849ee8841a7e5dd5040f8df8","","0","0","0","0.0332324","0.0211191902","0.62","","","Mint",""
"0xc72e9d1365380d3daac229a1d2f5a340c56b5b1961c9940f1cc9f68ed2190a92","43903960","1686749172","2023-06-14 13:26:12","0xfbb01a6d78cdeef45f381e9975c652c7ef3e7c52","0x038c0998f580798f849ee8841a7e5dd5040f8df8","","0","0","0","0.0332324","0.0211191902","0.62","","","Mint",""
"0x4c91ffc0e03448b065c21a04aae6b05984ad56d7b95b6c5b0b82a65e12b23e3f","43903962","1686749180","2023-06-14 13:26:20","0xfbb01a6d78cdeef45f381e9975c652c7ef3e7c52","0x038c0998f580798f849ee8841a7e5dd5040f8df8","","0","0","0","0.0332324","0.0211191902","0.62","","","Mint",""
"0x287ac57ec15b029911eae7f77e9973ca27fcb399a9392da0b89401a1647b4de9","43903964","1686749188","2023-06-14 13:26:28","0xfbb01a6d78cdeef45f381e9975c652c7ef3e7c52","0x038c0998f580798f849ee8841a7e5dd5040f8df8","","0","0","0","0.0332324","0.0211191902","0.62","","","Mint",""
"0x366af1c728313fee46f59acab4c2c9883aa9bf77b33f46ad75fe16c1a9bcc035","43903975","1686749218","2023-06-14 13:26:58","0xfbb01a6d78cdeef45f381e9975c652c7ef3e7c52","0x038c0998f580798f849ee8841a7e5dd5040f8df8","","0","0","0","0.0332324","0.0211191902","0.62","","","Mint",""
"0x7d12eeee1dcc6ac270fc8e1cc9293a8a42505c88125a806f245f9a63a5ae923c","43903975","1686749218","2023-06-14 13:26:58","0xfbb01a6d78cdeef45f381e9975c652c7ef3e7c52","0x038c0998f580798f849ee8841a7e5dd5040f8df8","","0","0","0","0.0332324","0.0211191902","0.62","","","Mint",""
"0xe6ab29bf70319c0f394b2dddcb52cd2debc1d3e764baf41322a89138c9a47be4","43903975","1686749218","2023-06-14 13:26:58","0xfbb01a6d78cdeef45f381e9975c652c7ef3e7c52","0x038c0998f580798f849ee8841a7e5dd5040f8df8","","0","0","0","0.0332324","0.0211191902","0.62","","","Mint",""
"0x03028aeeee46acc28f57fe558b4e6b943a4e45af36d1bf7b70a897639da3d233","43903985","1686749240","2023-06-14 13:27:20","0xfbb01a6d78cdeef45f381e9975c652c7ef3e7c52","0x038c0998f580798f849ee8841a7e5dd5040f8df8","","0","0","0","0.0332324","0.0211191902","0.62","","","Mint",""
"0x536b384d3fd25dedf4e81ceacb349a5452359d10477e55de3501c5cc083eca12","43903985","1686749240","2023-06-14 13:27:20","0xfbb01a6d78cdeef45f381e9975c652c7ef3e7c52","0x038c0998f580798f849ee8841a7e5dd5040f8df8","","0","0","0","0.0332324","0.0211191902","0.62","","","Mint",""
"0xc8338976b4c03f83af5fa4a19adf758026b976f86c4340fd64f0ffa21743fb1b","43903985","1686749240","2023-06-14 13:27:20","0xfbb01a6d78cdeef45f381e9975c652c7ef3e7c52","0x038c0998f580798f849ee8841a7e5dd5040f8df8","","0","0","0","0.0332324","0.0211191902","0.62","","","Mint",""
"0x4da931f431989f7e003bf99a7e3b28ff34c2199de37f4e6b61380f3640ec7eab","43903990","1686749250","2023-06-14 13:27:30","0xfbb01a6d78cdeef45f381e9975c652c7ef3e7c52","0x038c0998f580798f849ee8841a7e5dd5040f8df8","","0","0","0","0.0332324","0.0211191902","0.62","","","Mint",""
"0x9f3aa97f5f15441332ca6b24649e28182adfd09c54e94e9043d96898ae71624b","43903992","1686749254","2023-06-14 13:27:34","0xfbb01a6d78cdeef45f381e9975c652c7ef3e7c52","0x038c0998f580798f849ee8841a7e5dd5040f8df8","","0","0","0","0.0332324","0.0211191902","0.62","","","Mint",""
"0x91198c2c6b252c513d9cfe60b4ec648efe012fdce98ec6cc3b0952ab4af576cc","43903996","1686749262","2023-06-14 13:27:42","0xfbb01a6d78cdeef45f381e9975c652c7ef3e7c52","0x038c0998f580798f849ee8841a7e5dd5040f8df8","","0","0","0","0.0332324","0.0211191902","0.62","","","Mint",""
"0xa0969a3fc8667b5d223b626c9d3a35d0232a55ba0f21c94d70d0b5a95d0d79da","43904000","1686749272","2023-06-14 13:27:52","0xfbb01a6d78cdeef45f381e9975c652c7ef3e7c52","0x038c0998f580798f849ee8841a7e5dd5040f8df8","","0","0","0","0.0332324","0.0211191902","0.62","","","Mint",""
"0x5f3c9d7cf55c00fb36e7f672fbeb19cac469e1f681e2c37f4fa1f754ad331c22","43904004","1686749280","2023-06-14 13:28:00","0xfbb01a6d78cdeef45f381e9975c652c7ef3e7c52","0x038c0998f580798f849ee8841a7e5dd5040f8df8","","0","0","0","0.0332324","0.0211191902","0.62","","","Mint",""
"0xfbc7728b30843bc29b88d7fb2da7e466110c34b6b6e1270b73e3bb449b6d2c22","43904007","1686749286","2023-06-14 13:28:06","0xfbb01a6d78cdeef45f381e9975c652c7ef3e7c52","0x038c0998f580798f849ee8841a7e5dd5040f8df8","","0","0","0","0.0332324","0.0211191902","0.62","","","Mint",""
"0x71039f2d7cbca8f8f7233649b99a1300ffb209587c42ba32b33a2d20462b9f8f","43904011","1686749294","2023-06-14 13:28:14","0xfbb01a6d78cdeef45f381e9975c652c7ef3e7c52","0x038c0998f580798f849ee8841a7e5dd5040f8df8","","0","0","0","0.0332324","0.0211191902","0.62","","","Mint",""
"0x989d042c43e442d6c392d1c92b4f542ee3d83510caafe0e89df95465349fdb35","43904015","1686749302","2023-06-14 13:28:22","0xfbb01a6d78cdeef45f381e9975c652c7ef3e7c52","0x038c0998f580798f849ee8841a7e5dd5040f8df8","","0","0","0","0.0332324","0.0211191902","0.62","","","Mint",""
"0x422f5cb81800c4f5fb29d7aa19a3bac0600e93a561f86ca74531a6567d111dcd","43904018","1686749310","2023-06-14 13:28:30","0xfbb01a6d78cdeef45f381e9975c652c7ef3e7c52","0x038c0998f580798f849ee8841a7e5dd5040f8df8","","0","0","0","0.0332324","0.0211191902","0.62","","","Mint",""
"0x1aa7aa72936e853795369abedbe77560e0824cea756533c3a4c14e5a1de554e4","43904022","1686749318","2023-06-14 13:28:38","0xfbb01a6d78cdeef45f381e9975c652c7ef3e7c52","0x038c0998f580798f849ee8841a7e5dd5040f8df8","","0","0","0","0.0332324","0.0211191902","0.62","","","Mint",""
"0x1181085bd90fdf163fc2fae4362066b58a2c12a7a2b16620c6315729b4990d96","43904026","1686749326","2023-06-14 13:28:46","0xfbb01a6d78cdeef45f381e9975c652c7ef3e7c52","0x038c0998f580798f849ee8841a7e5dd5040f8df8","","0","0","0","0.0332324","0.0211191902","0.62","","","Mint",""
"0x128e402b08b326b52de3471bcc95f49b8e40aee8bbe7ad4c4eba9f3916450c59","43904031","1686749336","2023-06-14 13:28:56","0xfbb01a6d78cdeef45f381e9975c652c7ef3e7c52","0x038c0998f580798f849ee8841a7e5dd5040f8df8","","0","0","0","0.0332324","0.0211191902","0.62","","","Mint",""
"0xf99f72726e4b910d15706f6bb8ddf726f5d46d57a831dc37a9a3a98da87a6fe3","43904034","1686749344","2023-06-14 13:29:04","0xfbb01a6d78cdeef45f381e9975c652c7ef3e7c52","0x038c0998f580798f849ee8841a7e5dd5040f8df8","","0","0","0","0.0332324","0.0211191902","0.62","","","Mint",""
"0x0f4843219c0a1f728b0c2c6bf6a6228e97df8352c13fc1c5575aa8757e7099d2","43904037","1686749350","2023-06-14 13:29:10","0xfbb01a6d78cdeef45f381e9975c652c7ef3e7c52","0x038c0998f580798f849ee8841a7e5dd5040f8df8","","0","0","0","0.0332324","0.0211191902","0.62","","","Mint",""
"0x51edd1cfe99b9336322aa7706c00db27b78a4462d8dba4cd37dbe3c96f2cec07","43904041","1686749358","2023-06-14 13:29:18","0xfbb01a6d78cdeef45f381e9975c652c7ef3e7c52","0x038c0998f580798f849ee8841a7e5dd5040f8df8","","0","0","0","0.0332324","0.0211191902","0.62","","","Mint",""
"0x18019d00154c4e9f76a5123fba98218320e908b85ac968ee2616db39be3870f0","43904045","1686749366","2023-06-14 13:29:26","0xfbb01a6d78cdeef45f381e9975c652c7ef3e7c52","0x038c0998f580798f849ee8841a7e5dd5040f8df8","","0","0","0","0.0332324","0.0211191902","0.62","","","Mint",""
"0x1b03feeec4b5a4d9cdfbde418210fbbdea9dfd324f3a3e5eb78b6656040704a3","43904049","1686749376","2023-06-14 13:29:36","0xfbb01a6d78cdeef45f381e9975c652c7ef3e7c52","0x038c0998f580798f849ee8841a7e5dd5040f8df8","","0","0","0","0.0332324","0.0211191902","0.62","","","Mint",""
"0x36728ee762c379d0670c5a458b0f7289a2b4b0d5b7067876880e51746f843f81","43904053","1686749384","2023-06-14 13:29:44","0xfbb01a6d78cdeef45f381e9975c652c7ef3e7c52","0x038c0998f580798f849ee8841a7e5dd5040f8df8","","0","0","0","0.0332324","0.0211191902","0.62","","","Mint",""
"0x28f1b36fc9e73eb653de7b2c2ded433b10334f0c2278e3c6cbc679b157655c4d","43904057","1686749392","2023-06-14 13:29:52","0xfbb01a6d78cdeef45f381e9975c652c7ef3e7c52","0x038c0998f580798f849ee8841a7e5dd5040f8df8","","0","0","0","0.0332324","0.0211191902","0.62","","","Mint",""
"0x4912b2913c30592ec447fbcbba6dba4b3376779962f08bbdc22e8bc540e45fdc","43904061","1686749400","2023-06-14 13:30:00","0xfbb01a6d78cdeef45f381e9975c652c7ef3e7c52","0x038c0998f580798f849ee8841a7e5dd5040f8df8","","0","0","0","0.0332324","0.0211191902","0.62","","","Mint",""
"0x8982b1ccef0dbd4d9edc3aea74382cb587bf6e5c15d00c80ea219f29bd147810","43904065","1686749410","2023-06-14 13:30:10","0xfbb01a6d78cdeef45f381e9975c652c7ef3e7c52","0x038c0998f580798f849ee8841a7e5dd5040f8df8","","0","0","0","0.0332324","0.0211191902","0.62","","","Mint",""
"0x101d1793298cc129f3d8b411c195d274a943fd8df596ec7046564a9efb6bfa72","43904069","1686749418","2023-06-14 13:30:18","0xfbb01a6d78cdeef45f381e9975c652c7ef3e7c52","0x038c0998f580798f849ee8841a7e5dd5040f8df8","","0","0","0","0.0332324","0.0211191902","0.62","","","Mint",""
"0x46f83e2e5df6639798fd0c95ac168067940bdb6d81bdab50d7e12056f9e2f0dc","43904072","1686749424","2023-06-14 13:30:24","0xfbb01a6d78cdeef45f381e9975c652c7ef3e7c52","0x038c0998f580798f849ee8841a7e5dd5040f8df8","","0","0","0","0.0332324","0.0211191902","0.62","","","Mint",""
"0x25b945b027cd6b8e61a305d059ed10fc952604385ce434ec6e7d05388aaa95da","43904076","1686749432","2023-06-14 13:30:32","0xfbb01a6d78cdeef45f381e9975c652c7ef3e7c52","0x038c0998f580798f849ee8841a7e5dd5040f8df8","","0","0","0","0.0332324","0.0211191902","0.62","","","Mint",""
"0x4372c8bffe77166b1cd15c129c4040fd0a24fa54ff074f23534ce6b3b0c9e25d","43904081","1686749444","2023-06-14 13:30:44","0xfbb01a6d78cdeef45f381e9975c652c7ef3e7c52","0x038c0998f580798f849ee8841a7e5dd5040f8df8","","0","0","0","0.0332324","0.0211191902","0.62","","","Mint",""
"0x1056d546849714256b11cc3a5850283bf336b0e8a8ae01e0c08cd9e808531155","43904085","1686749452","2023-06-14 13:30:52","0xfbb01a6d78cdeef45f381e9975c652c7ef3e7c52","0x038c0998f580798f849ee8841a7e5dd5040f8df8","","0","0","0","0.0332324","0.0211191902","0.62","","","Mint",""
"0x0bfb3ef85858d08d962739806c1a3955bdd849f7c86a131e55280250caca975f","43904089","1686749460","2023-06-14 13:31:00","0xfbb01a6d78cdeef45f381e9975c652c7ef3e7c52","0x038c0998f580798f849ee8841a7e5dd5040f8df8","","0","0","0","0.0332324","0.0211191902","0.62","","","Mint",""
"0x0285ab5c474d6c79cd829226440ec09b3ea16eeed5ef2f2557ce71d6238240c4","43904092","1686749466","2023-06-14 13:31:06","0xfbb01a6d78cdeef45f381e9975c652c7ef3e7c52","0x038c0998f580798f849ee8841a7e5dd5040f8df8","","0","0","0","0.0332324","0.0211191902","0.62","","","Mint",""
"0xcfd0b3037adcfb0ba2446a938673f34d4ef74c70af87a6d90d1f349ae9006086","43904102","1686749488","2023-06-14 13:31:28","0xfbb01a6d78cdeef45f381e9975c652c7ef3e7c52","0x038c0998f580798f849ee8841a7e5dd5040f8df8","","0","0","0","0.0332324","0.0211191902","0.62","","","Mint",""
"0x4862fc93026c766a5f88f58b27ad2c325ff209fb23bb8b6362f607b3401d5466","43904102","1686749488","2023-06-14 13:31:28","0xfbb01a6d78cdeef45f381e9975c652c7ef3e7c52","0x038c0998f580798f849ee8841a7e5dd5040f8df8","","0","0","0","0.0332324","0.0211191902","0.62","","","Mint",""
"0x4783de673b9ffaa699b6660aa12c654a621177f11d772b3839cd8a857132e7e8","43904213","1686749724","2023-06-14 13:35:24","0xfbb01a6d78cdeef45f381e9975c652c7ef3e7c52","0x038c0998f580798f849ee8841a7e5dd5040f8df8","","0","0","0","0.0332324","0.0211191902","0.62","","","Mint",""
"0xfd8244f8650350917ba7a2322a5e83216dd2fb6c1997517efe981607dde199cf","43904217","1686749732","2023-06-14 13:35:32","0xfbb01a6d78cdeef45f381e9975c652c7ef3e7c52","0x038c0998f580798f849ee8841a7e5dd5040f8df8","","0","0","0","0.0332324","0.0211191902","0.62","","","Mint",""
"0x511234a598b4a2c361e7cfc7182b605fa28dcef1c76075c6ef76a7c869c2aa6c","43904221","1686749740","2023-06-14 13:35:40","0xfbb01a6d78cdeef45f381e9975c652c7ef3e7c52","0x038c0998f580798f849ee8841a7e5dd5040f8df8","","0","0","0","0.0332324","0.0211191902","0.62","","","Mint",""
"0xe7a41d88488b5de8fb0d83117bf9595f70d9948e5a9357a001ea896187f6a61e","43904225","1686749750","2023-06-14 13:35:50","0xfbb01a6d78cdeef45f381e9975c652c7ef3e7c52","0x038c0998f580798f849ee8841a7e5dd5040f8df8","","0","0","0","0.0332324","0.0211191902","0.62","","","Mint",""
"0x666f47af010183fa81ca763dfee6d0142cb7d24741bd7aad0a49f47eb804cb36","43904228","1686749756","2023-06-14 13:35:56","0xfbb01a6d78cdeef45f381e9975c652c7ef3e7c52","0x038c0998f580798f849ee8841a7e5dd5040f8df8","","0","0","0","0.0332324","0.0211191902","0.62","","","Mint",""
"0x15521a3db669ffdba93c68d439a594fc4e539e644162fb4ad97f7f55ddc9258a","43904232","1686749764","2023-06-14 13:36:04","0xfbb01a6d78cdeef45f381e9975c652c7ef3e7c52","0x038c0998f580798f849ee8841a7e5dd5040f8df8","","0","0","0","0.0332324","0.0211191902","0.62","","","Mint",""
"0x17f3b86d99de3fa28b0f7dfaf0e2b0e8d27ebd428610bca7be2765627f4dd174","43904236","1686749772","2023-06-14 13:36:12","0xfbb01a6d78cdeef45f381e9975c652c7ef3e7c52","0x038c0998f580798f849ee8841a7e5dd5040f8df8","","0","0","0","0.0332324","0.0211191902","0.62","","","Mint",""
"0x4e73e48e4b345e489a37701a349e4835589345efebd72a759a8d5da63ae141f6","43904240","1686749782","2023-06-14 13:36:22","0xfbb01a6d78cdeef45f381e9975c652c7ef3e7c52","0x038c0998f580798f849ee8841a7e5dd5040f8df8","","0","0","0","0.0332324","0.0211191902","0.62","","","Mint",""
"0x86966425f336a1b7629e055771a4b8adcc39cbc2dd431167d5b76758bf5d3ee6","43904242","1686749786","2023-06-14 13:36:26","0xfbb01a6d78cdeef45f381e9975c652c7ef3e7c52","0x038c0998f580798f849ee8841a7e5dd5040f8df8","","0","0","0","0.0332324","0.0211191902","0.62","","","Mint",""
"0xbc7fd42b424a21679731f32844dabf3cfd320e719f55c9d5f5c43765c41b0328","43904246","1686749794","2023-06-14 13:36:34","0xfbb01a6d78cdeef45f381e9975c652c7ef3e7c52","0x038c0998f580798f849ee8841a7e5dd5040f8df8","","0","0","0","0.0332324","0.0211191902","0.62","","","Mint",""
"0xbf9d507614551f36bf1dbfb63d298923cb324eab80ca820d657a97e8176a3387","43904251","1686749804","2023-06-14 13:36:44","0xfbb01a6d78cdeef45f381e9975c652c7ef3e7c52","0x038c0998f580798f849ee8841a7e5dd5040f8df8","","0","0","0","0.0332324","0.0211191902","0.62","","","Mint",""
"0x76cddb7f78b503da2d7ae642a6734f8e35f4ca3269392a07e7f8577e4ae3f0b6","43904255","1686749812","2023-06-14 13:36:52","0xfbb01a6d78cdeef45f381e9975c652c7ef3e7c52","0x038c0998f580798f849ee8841a7e5dd5040f8df8","","0","0","0","0.0332324","0.0211191902","0.62","","","Mint",""
"0xc6f2b626d04c78d108b04de7bcc5f80031d9573c76ffda67d79b271bd0780580","43904259","1686749822","2023-06-14 13:37:02","0xfbb01a6d78cdeef45f381e9975c652c7ef3e7c52","0x038c0998f580798f849ee8841a7e5dd5040f8df8","","0","0","0","0.0332324","0.0211191902","0.62","","","Mint",""
"0xc5cc349799bac7673a85138cefca4564992936bc4605d3c86563e9b7531fe0c9","43904262","1686749828","2023-06-14 13:37:08","0xfbb01a6d78cdeef45f381e9975c652c7ef3e7c52","0x038c0998f580798f849ee8841a7e5dd5040f8df8","","0","0","0","0.0332324","0.0211191902","0.62","","","Mint",""
"0x50c9bb704571c088cd206b17a27b6becb4380edf8010fbd7f680bba26969194f","43904266","1686749836","2023-06-14 13:37:16","0xfbb01a6d78cdeef45f381e9975c652c7ef3e7c52","0x038c0998f580798f849ee8841a7e5dd5040f8df8","","0","0","0","0.0332324","0.0211191902","0.62","","","Mint",""
"0x8fbc75c634f9fa3cf8f4dc890ab69fd7acddd4acbba1fa937341d9fa6317d107","43904270","1686749844","2023-06-14 13:37:24","0xfbb01a6d78cdeef45f381e9975c652c7ef3e7c52","0x038c0998f580798f849ee8841a7e5dd5040f8df8","","0","0","0","0.0332324","0.0211191902","0.62","","","Mint",""
"0x3f2d6baa045c6bf351dec0ac514bcefa0568ba0ec7935cc4a6917d43e750b8d9","43904273","1686749852","2023-06-14 13:37:32","0xfbb01a6d78cdeef45f381e9975c652c7ef3e7c52","0x038c0998f580798f849ee8841a7e5dd5040f8df8","","0","0","0","0.0332372","0.0211222406","0.62","","","Mint",""
"0x0ce7661aef348c35b7b310fccd76e4e9ba7b6ffb508c5c7fdeb8b2bac29b5d21","43904277","1686749860","2023-06-14 13:37:40","0xfbb01a6d78cdeef45f381e9975c652c7ef3e7c52","0x038c0998f580798f849ee8841a7e5dd5040f8df8","","0","0","0","0.0332372","0.0211222406","0.62","","","Mint",""
"0x6cb8a3f4c729070c2d3d906b2b22340ecca47f5b276d73dd27496c93916dfec0","43904281","1686749868","2023-06-14 13:37:48","0xfbb01a6d78cdeef45f381e9975c652c7ef3e7c52","0x038c0998f580798f849ee8841a7e5dd5040f8df8","","0","0","0","0.0332372","0.0211222406","0.62","","","Mint",""
"0x647ab1f216fca7d312fb48cfa9b6c10b1b5a26c3ea40f2605bf677d1c0090068","43904286","1686749878","2023-06-14 13:37:58","0xfbb01a6d78cdeef45f381e9975c652c7ef3e7c52","0x038c0998f580798f849ee8841a7e5dd5040f8df8","","0","0","0","0.0332372","0.0211222406","0.62","","","Mint",""
"0xa4bce29be9f736c3357440f51d26f13a4d3f2b1dddc06ea129f48e4994d5ed2a","43904289","1686749886","2023-06-14 13:38:06","0xfbb01a6d78cdeef45f381e9975c652c7ef3e7c52","0x038c0998f580798f849ee8841a7e5dd5040f8df8","","0","0","0","0.0332372","0.0211222406","0.62","","","Mint",""
"0xea31cba670fb4ffb3d541a2fcca563573a5a92bc3b418f0c8fa6f7190d753b06","43904294","1686749896","2023-06-14 13:38:16","0xfbb01a6d78cdeef45f381e9975c652c7ef3e7c52","0x038c0998f580798f849ee8841a7e5dd5040f8df8","","0","0","0","0.0332372","0.0211222406","0.62","","","Mint",""
"0x21f46be2b27e809dd63b969ad7654ca79cccc9a04a86b43c1d2b0bb1b932fa10","43904298","1686749904","2023-06-14 13:38:24","0xfbb01a6d78cdeef45f381e9975c652c7ef3e7c52","0x038c0998f580798f849ee8841a7e5dd5040f8df8","","0","0","0","0.0332372","0.0211222406","0.62","","","Mint",""
"0x04e9f2bc1ee09b0a7b71d426f3d19acaf3e9db3226876bc641274ccd8cccdbd6","43904301","1686749910","2023-06-14 13:38:30","0xfbb01a6d78cdeef45f381e9975c652c7ef3e7c52","0x038c0998f580798f849ee8841a7e5dd5040f8df8","","0","0","0","0.0332372","0.0211222406","0.62","","","Mint",""
"0x6b4c0c21348a447ab4c543cfabcfe301bffb45799e71ba384d6147c2878ba7fd","43904305","1686749920","2023-06-14 13:38:40","0xfbb01a6d78cdeef45f381e9975c652c7ef3e7c52","0x038c0998f580798f849ee8841a7e5dd5040f8df8","","0","0","0","0.0332372","0.0211222406","0.62","","","Mint",""
"0xb2b2ae4071fb0f18e273c4a3a9d8780b47e70aee95fef6934d7ea60522e5e6be","43904308","1686749926","2023-06-14 13:38:46","0xfbb01a6d78cdeef45f381e9975c652c7ef3e7c52","0x038c0998f580798f849ee8841a7e5dd5040f8df8","","0","0","0","0.0332372","0.0211222406","0.62","","","Mint",""
"0x5c4e6dc9050493cc0bce31f55cf70fbabd7b44bd7e3da03f8b09e7f3bb4fff22","43904312","1686749934","2023-06-14 13:38:54","0xfbb01a6d78cdeef45f381e9975c652c7ef3e7c52","0x038c0998f580798f849ee8841a7e5dd5040f8df8","","0","0","0","0.0332372","0.0211222406","0.62","","","Mint",""
"0xd4e5af5cc5bb4f68ddfc7d8bfbf8f04ac3cafb3e0dc02e5dff67509bafd306c2","43904316","1686749942","2023-06-14 13:39:02","0xfbb01a6d78cdeef45f381e9975c652c7ef3e7c52","0x038c0998f580798f849ee8841a7e5dd5040f8df8","","0","0","0","0.0332372","0.0211222406","0.62","","","Mint",""
"0x6bcaa3d392e739c79a5374466b797a271f6a579a18af388b1406371e150d3e2d","43904320","1686749952","2023-06-14 13:39:12","0xfbb01a6d78cdeef45f381e9975c652c7ef3e7c52","0x038c0998f580798f849ee8841a7e5dd5040f8df8","","0","0","0","0.0332372","0.0211222406","0.62","","","Mint",""
"0x07664eb513c6bafa98c00c8d369910733e83df975f73003149106a62bda77754","43904323","1686749958","2023-06-14 13:39:18","0xfbb01a6d78cdeef45f381e9975c652c7ef3e7c52","0x038c0998f580798f849ee8841a7e5dd5040f8df8","","0","0","0","0.0332372","0.0211222406","0.62","","","Mint",""
"0x9b20bca6d9b34b93fe6aae0a1efbe8b21673f762208993ad66a18544526c4aa2","43904327","1686749966","2023-06-14 13:39:26","0xfbb01a6d78cdeef45f381e9975c652c7ef3e7c52","0x038c0998f580798f849ee8841a7e5dd5040f8df8","","0","0","0","0.0332372","0.0211222406","0.62","","","Mint",""
"0x8e0c2734e4826e70fdaa4b82023fe4c4ee993a43a2788e5576d68d95a646987c","43904331","1686749974","2023-06-14 13:39:34","0xfbb01a6d78cdeef45f381e9975c652c7ef3e7c52","0x038c0998f580798f849ee8841a7e5dd5040f8df8","","0","0","0","0.0332372","0.0211222406","0.62","","","Mint",""
"0x3018bf25a85a2ea085c04908b0bca6535002dcbcea9b02a206dacda4d0e00568","43904335","1686749982","2023-06-14 13:39:42","0xfbb01a6d78cdeef45f381e9975c652c7ef3e7c52","0x038c0998f580798f849ee8841a7e5dd5040f8df8","","0","0","0","0.0332372","0.0211222406","0.62","","","Mint",""
"0xeb4bb1f8a2812fa1075f3e7e3280e93e50f445dfdb13b6f9380c7372dcd54975","43904338","1686749990","2023-06-14 13:39:50","0xfbb01a6d78cdeef45f381e9975c652c7ef3e7c52","0x038c0998f580798f849ee8841a7e5dd5040f8df8","","0","0","0","0.0332372","0.0211222406","0.62","","","Mint",""
"0xd44f73943de98534e73beb746baf7487c1d93059ef9dd0b3bcea18789da93faa","43904342","1686749998","2023-06-14 13:39:58","0xfbb01a6d78cdeef45f381e9975c652c7ef3e7c52","0x038c0998f580798f849ee8841a7e5dd5040f8df8","","0","0","0","0.0332372","0.0211222406","0.62","","","Mint",""
"0x7d1aa986b9a9080ddecaf4bb3de5c059790916e623944896d87b3fb8a91e2ba3","43904347","1686750008","2023-06-14 13:40:08","0xfbb01a6d78cdeef45f381e9975c652c7ef3e7c52","0x038c0998f580798f849ee8841a7e5dd5040f8df8","","0","0","0","0.0332372","0.0211222406","0.62","","","Mint",""
"0x5dfcd4ff3536d18ec935cbe970dee978f2749d8a5afc47b22501351f49144374","43904352","1686750020","2023-06-14 13:40:20","0xfbb01a6d78cdeef45f381e9975c652c7ef3e7c52","0x038c0998f580798f849ee8841a7e5dd5040f8df8","","0","0","0","0.0332372","0.0211222406","0.62","","","Mint",""
"0x0c8c1466af4df4c7d587801ae66f27ef660973051aca28e2374151f5e9f46acc","43904355","1686750026","2023-06-14 13:40:26","0xfbb01a6d78cdeef45f381e9975c652c7ef3e7c52","0x038c0998f580798f849ee8841a7e5dd5040f8df8","","0","0","0","0.0332372","0.0211222406","0.62","","","Mint",""
"0x678f3f37c1fb6f1b39d3e6ee614220db6e127d38aa5ac6dc8e11d3dfef75e6f1","43904359","1686750034","2023-06-14 13:40:34","0xfbb01a6d78cdeef45f381e9975c652c7ef3e7c52","0x038c0998f580798f849ee8841a7e5dd5040f8df8","","0","0","0","0.0332372","0.0211222406","0.62","","","Mint",""
"0xac00b998b7d511f347c75a6ad02c20dea21260cc7fd80ef0de419b9c011fe3c6","43904364","1686750044","2023-06-14 13:40:44","0xfbb01a6d78cdeef45f381e9975c652c7ef3e7c52","0x038c0998f580798f849ee8841a7e5dd5040f8df8","","0","0","0","0.0332372","0.0211222406","0.62","","","Mint",""
"0x9987c4d716ac37575aadbc58df4e08030fdf1fdd4d7610ef179dcb15c6376b3b","43904367","1686750050","2023-06-14 13:40:50","0xfbb01a6d78cdeef45f381e9975c652c7ef3e7c52","0x038c0998f580798f849ee8841a7e5dd5040f8df8","","0","0","0","0.0332372","0.0211222406","0.62","","","Mint",""
"0xf4e1a580ebb5048bd4680c8c0f12b7c2edaefb586a85244d0870c8016c9e7d54","43904370","1686750058","2023-06-14 13:40:58","0xfbb01a6d78cdeef45f381e9975c652c7ef3e7c52","0x038c0998f580798f849ee8841a7e5dd5040f8df8","","0","0","0","0.0332372","0.0211222406","0.62","","","Mint",""
"0x224b26ff2f70527e970db759c42ffefb64fe0d67c344d3d4777e2febf46a39ae","43904375","1686750068","2023-06-14 13:41:08","0xfbb01a6d78cdeef45f381e9975c652c7ef3e7c52","0x038c0998f580798f849ee8841a7e5dd5040f8df8","","0","0","0","0.0332372","0.0211222406","0.62","","","Mint",""
"0xded58e0cd56f8d0fbb29cb768da3f7dadebac657ba8de8d39df358fafa5744e4","43904378","1686750074","2023-06-14 13:41:14","0xfbb01a6d78cdeef45f381e9975c652c7ef3e7c52","0x038c0998f580798f849ee8841a7e5dd5040f8df8","","0","0","0","0.0332372","0.0211222406","0.62","","","Mint",""
"0x68554f248c4d47d84e1d6a06dee1813ae92fbd77e4f1a1a33980291ce721d4b5","43904382","1686750082","2023-06-14 13:41:22","0xfbb01a6d78cdeef45f381e9975c652c7ef3e7c52","0x038c0998f580798f849ee8841a7e5dd5040f8df8","","0","0","0","0.0332372","0.0211222406","0.62","","","Mint",""
"0x7239bece9962b48047b2153b7fe4273c0ae150e4cac8812e2c1f13ec0b4c0efb","43904385","1686750090","2023-06-14 13:41:30","0xfbb01a6d78cdeef45f381e9975c652c7ef3e7c52","0x038c0998f580798f849ee8841a7e5dd5040f8df8","","0","0","0","0.0332372","0.0211222406","0.62","","","Mint",""
"0x50153ca9dc6412417c10601ddb9fc5a69f567266721e1570ccde3ebf086c4926","43904390","1686750100","2023-06-14 13:41:40","0xfbb01a6d78cdeef45f381e9975c652c7ef3e7c52","0x038c0998f580798f849ee8841a7e5dd5040f8df8","","0","0","0","0.0332372","0.0211222406","0.62","","","Mint",""
"0x703ba9e45088a7ad78aec252df79a84b55f581736e9a18791b55bb4c45f0461f","43904395","1686750110","2023-06-14 13:41:50","0xfbb01a6d78cdeef45f381e9975c652c7ef3e7c52","0x038c0998f580798f849ee8841a7e5dd5040f8df8","","0","0","0","0.0332372","0.0211222406","0.62","","","Mint",""
"0x97e3fbcf6ebccbd0711456ee12265de369536987739e80e64f3d32583635a0e4","43904398","1686750116","2023-06-14 13:41:56","0xfbb01a6d78cdeef45f381e9975c652c7ef3e7c52","0x038c0998f580798f849ee8841a7e5dd5040f8df8","","0","0","0","0.0332372","0.0211222406","0.62","","","Mint",""
"0xcc70c7b06df980f8213236a013039d93664ca1c562c56936d070469f61e56681","43904402","1686750126","2023-06-14 13:42:06","0xfbb01a6d78cdeef45f381e9975c652c7ef3e7c52","0x038c0998f580798f849ee8841a7e5dd5040f8df8","","0","0","0","0.0332372","0.0211222406","0.62","","","Mint",""
"0x2467977e5f4a34da88782a7934d847a4ba755c5500354e1db424bf7c6e3fb62f","43904406","1686750134","2023-06-14 13:42:14","0xfbb01a6d78cdeef45f381e9975c652c7ef3e7c52","0x038c0998f580798f849ee8841a7e5dd5040f8df8","","0","0","0","0.0332372","0.0211222406","0.62","","","Mint",""
"0x0bb7a1c170bdf6d54eba734aab93b2384b448ce4a147ca45a99070aa1015e820","43904410","1686750142","2023-06-14 13:42:22","0xfbb01a6d78cdeef45f381e9975c652c7ef3e7c52","0x038c0998f580798f849ee8841a7e5dd5040f8df8","","0","0","0","0.0332372","0.0211222406","0.62","","","Mint",""
"0x4ab33f9259acb758114e9235839480c9f1b4d8b25908b671642edb8951456f18","43904413","1686750148","2023-06-14 13:42:28","0xfbb01a6d78cdeef45f381e9975c652c7ef3e7c52","0x038c0998f580798f849ee8841a7e5dd5040f8df8","","0","0","0","0.0332372","0.0211222406","0.62","","","Mint",""
"0x653a28cd91c8982dbe31311a7847e091d34225463f736e699481b4e3612c23d5","43904417","1686750158","2023-06-14 13:42:38","0xfbb01a6d78cdeef45f381e9975c652c7ef3e7c52","0x038c0998f580798f849ee8841a7e5dd5040f8df8","","0","0","0","0.0332372","0.0211222406","0.62","","","Mint",""
"0xa50d4086f062c16a8206920d1448cb0ce66ac79fda4d1c6a63490dc8349e9985","43904421","1686750166","2023-06-14 13:42:46","0xfbb01a6d78cdeef45f381e9975c652c7ef3e7c52","0x038c0998f580798f849ee8841a7e5dd5040f8df8","","0","0","0","0.0332372","0.0211222406","0.62","","","Mint",""
"0x24085b03e0a88032cc5beb61ea720e8fa45789323c83fc5346652d47e4a8f40f","43904425","1686750174","2023-06-14 13:42:54","0xfbb01a6d78cdeef45f381e9975c652c7ef3e7c52","0x038c0998f580798f849ee8841a7e5dd5040f8df8","","0","0","0","0.0332372","0.0211222406","0.62","","","Mint",""
"0x52de7aaccf9dc7eefb7d7a22ce46003bcc00b01bdd53da74650d56d6aec2de2e","43904429","1686750182","2023-06-14 13:43:02","0xfbb01a6d78cdeef45f381e9975c652c7ef3e7c52","0x038c0998f580798f849ee8841a7e5dd5040f8df8","","0","0","0","0.0332372","0.0211222406","0.62","","","Mint",""
"0xf9910d46687486f7409cfa3de2f610c69efaf0b410c3a6da639590ee84a49f69","43904433","1686750192","2023-06-14 13:43:12","0xfbb01a6d78cdeef45f381e9975c652c7ef3e7c52","0x038c0998f580798f849ee8841a7e5dd5040f8df8","","0","0","0","0.0332372","0.0211222406","0.62","","","Mint",""
"0x61e87b5545e6c1226aa8b74bf879ea2b83394e1f0f0fd2e41930dd60ba50f631","43904436","1686750198","2023-06-14 13:43:18","0xfbb01a6d78cdeef45f381e9975c652c7ef3e7c52","0x038c0998f580798f849ee8841a7e5dd5040f8df8","","0","0","0","0.0332372","0.0211222406","0.62","","","Mint",""
"0xc60408756f4dc17b182ed7452b7f51b35c0451e61263c17896993b51673a41c1","43904440","1686750206","2023-06-14 13:43:26","0xfbb01a6d78cdeef45f381e9975c652c7ef3e7c52","0x038c0998f580798f849ee8841a7e5dd5040f8df8","","0","0","0","0.0332372","0.0211222406","0.62","","","Mint",""
"0xf9040f07c446c552699250d73e1bd827dc92d3e4bf61aea782c8982f5ddcf51b","43904444","1686750214","2023-06-14 13:43:34","0xfbb01a6d78cdeef45f381e9975c652c7ef3e7c52","0x038c0998f580798f849ee8841a7e5dd5040f8df8","","0","0","0","0.0332372","0.0211222406","0.62","","","Mint",""
"0xcb92ce7f14d3ddda5dd526aeb3172e0c1b614c79005fa6e5d76393ba83064ecc","43904448","1686750226","2023-06-14 13:43:46","0xfbb01a6d78cdeef45f381e9975c652c7ef3e7c52","0x038c0998f580798f849ee8841a7e5dd5040f8df8","","0","0","0","0.0332372","0.0211222406","0.62","","","Mint",""
"0xac799d319f82c66375cb600ee9dbd530d671fb59782384d17cfaca9acdde7f5a","43904450","1686750234","2023-06-14 13:43:54","0xfbb01a6d78cdeef45f381e9975c652c7ef3e7c52","0x038c0998f580798f849ee8841a7e5dd5040f8df8","","0","0","0","0.0332372","0.0211222406","0.62","","","Mint",""
"0x6d62ceff3006a757192758b0d8bfe60c6a655f36f5f6c973f4e1c40787a15158","43904452","1686750242","2023-06-14 13:44:02","0xfbb01a6d78cdeef45f381e9975c652c7ef3e7c52","0x038c0998f580798f849ee8841a7e5dd5040f8df8","","0","0","0","0.0332372","0.0211222406","0.62","","","Mint",""
"0xaabd75d96216195d3de21f87a318fbe4052c8e70f35803f1abac7523d38f8bfa","43904454","1686750250","2023-06-14 13:44:10","0xfbb01a6d78cdeef45f381e9975c652c7ef3e7c52","0x038c0998f580798f849ee8841a7e5dd5040f8df8","","0","0","0","0.0332372","0.0211222406","0.62","","","Mint",""
"0x005d372d671a46afe63e839fc150dce4fbf3f4be8db8f15f71dbb51f48cdb4b2","43904456","1686750258","2023-06-14 13:44:18","0xfbb01a6d78cdeef45f381e9975c652c7ef3e7c52","0x038c0998f580798f849ee8841a7e5dd5040f8df8","","0","0","0","0.0332372","0.0211222406","0.62","","","Mint",""
"0x9a01c2b36fd9f6e620d2bbe0b16ee472e7380723794df33fdc6776cf04b8af0f","43904458","1686750266","2023-06-14 13:44:26","0xfbb01a6d78cdeef45f381e9975c652c7ef3e7c52","0x038c0998f580798f849ee8841a7e5dd5040f8df8","","0","0","0","0.0332372","0.0211222406","0.62","","","Mint",""
"0x67409f5cfa6ab0db2998733821df380f14a43a1fccf6aa1ce5b012aa6744369b","43904460","1686750274","2023-06-14 13:44:34","0xfbb01a6d78cdeef45f381e9975c652c7ef3e7c52","0x038c0998f580798f849ee8841a7e5dd5040f8df8","","0","0","0","0.0332372","0.0211222406","0.62","","","Mint",""
"0x52b12f1b93ea8cbdad2500bf4fdac7021c20f293d0770fb8d929f6e05dd4a03a","43904462","1686750282","2023-06-14 13:44:42","0xfbb01a6d78cdeef45f381e9975c652c7ef3e7c52","0x038c0998f580798f849ee8841a7e5dd5040f8df8","","0","0","0","0.0332372","0.0211222406","0.62","","","Mint",""
"0x702e542c832c56f5a03e5c2f08564d8502862fbb64e1ba593dde90ec116d73e3","43904464","1686750290","2023-06-14 13:44:50","0xfbb01a6d78cdeef45f381e9975c652c7ef3e7c52","0x038c0998f580798f849ee8841a7e5dd5040f8df8","","0","0","0","0.0332372","0.0211222406","0.62","","","Mint",""
"0x824befa4126d604f70c4285bb38fb8bb1ac77b84753835c220989af6bee76fc4","43904468","1686750298","2023-06-14 13:44:58","0xfbb01a6d78cdeef45f381e9975c652c7ef3e7c52","0x038c0998f580798f849ee8841a7e5dd5040f8df8","","0","0","0","0.0332372","0.0211222406","0.62","","","Mint",""
"0xb283e09877ae3ccc3a1db060b65575bcee3ee1a5e573fb64bce08b7e7389c2e4","43904471","1686750304","2023-06-14 13:45:04","0xfbb01a6d78cdeef45f381e9975c652c7ef3e7c52","0x038c0998f580798f849ee8841a7e5dd5040f8df8","","0","0","0","0.0332372","0.0211222406","0.62","","","Mint",""
"0x83c0f99308568d945e78dc478e45c00b202132dcd1ebf52e0a25031167fec5d1","43904476","1686750314","2023-06-14 13:45:14","0xfbb01a6d78cdeef45f381e9975c652c7ef3e7c52","0x038c0998f580798f849ee8841a7e5dd5040f8df8","","0","0","0","0.0332372","0.0211222406","0.62","","","Mint",""
"0x90207cc54f1a2bb8209a60e29b67adafb951fd93cee1a8f7065c2d76af922a6d","43904481","1686750326","2023-06-14 13:45:26","0xfbb01a6d78cdeef45f381e9975c652c7ef3e7c52","0x038c0998f580798f849ee8841a7e5dd5040f8df8","","0","0","0","0.0332372","0.0211222406","0.62","","","Mint",""
"0x47702c94a8ae28f6bea38b7615267eaeb103566f8929452389126b64e894ae33","43904484","1686750332","2023-06-14 13:45:32","0xfbb01a6d78cdeef45f381e9975c652c7ef3e7c52","0x038c0998f580798f849ee8841a7e5dd5040f8df8","","0","0","0","0.0332372","0.0211222406","0.62","","","Mint",""
"0x4495061d8c1d5fb24d3ac9d23a8e48e732d76f0f66e73fa1a7a7557e790bd83e","43904489","1686750342","2023-06-14 13:45:42","0xfbb01a6d78cdeef45f381e9975c652c7ef3e7c52","0x038c0998f580798f849ee8841a7e5dd5040f8df8","","0","0","0","0.0332372","0.0211222406","0.62","","","Mint",""
"0x581b1ba88c1a0aacba8f511c7e22e4c534edfb4da9daa2156df4627efcd99b78","43904493","1686750350","2023-06-14 13:45:50","0xfbb01a6d78cdeef45f381e9975c652c7ef3e7c52","0x038c0998f580798f849ee8841a7e5dd5040f8df8","","0","0","0","0.0332372","0.0211222406","0.62","","","Mint",""
"0x15766ef509aa2b199117a3703ec35ccfd5b5332c1d3437c514c339d91a9906dc","43904497","1686750360","2023-06-14 13:46:00","0xfbb01a6d78cdeef45f381e9975c652c7ef3e7c52","0x038c0998f580798f849ee8841a7e5dd5040f8df8","","0","0","0","0.0332372","0.0211222406","0.62","","","Mint",""
"0x2febf8928268386ed64e21cff9c2ddfef9500a76e0e7a1a5dc82dad8071b1dd1","43904500","1686750366","2023-06-14 13:46:06","0xfbb01a6d78cdeef45f381e9975c652c7ef3e7c52","0x038c0998f580798f849ee8841a7e5dd5040f8df8","","0","0","0","0.0332372","0.0211222406","0.62","","","Mint",""
"0x7331493bd31841bc6a22093136ebc19af972e14793b001921167d4e9e74d3026","43904503","1686750372","2023-06-14 13:46:12","0xfbb01a6d78cdeef45f381e9975c652c7ef3e7c52","0x038c0998f580798f849ee8841a7e5dd5040f8df8","","0","0","0","0.0332372","0.0211222406","0.62","","","Mint",""
"0xf91ecdae4900012a8f6462b3a571ab9febfb79a75c6312bd052040500cd39109","43904507","1686750380","2023-06-14 13:46:20","0xfbb01a6d78cdeef45f381e9975c652c7ef3e7c52","0x038c0998f580798f849ee8841a7e5dd5040f8df8","","0","0","0","0.0332372","0.0211222406","0.62","","","Mint",""
"0xca6c632bade5f105dc53940553c7a8e5ca47b3034409fbbd42745856729c2cf2","43904511","1686750388","2023-06-14 13:46:28","0xfbb01a6d78cdeef45f381e9975c652c7ef3e7c52","0x038c0998f580798f849ee8841a7e5dd5040f8df8","","0","0","0","0.0332372","0.0211222406","0.62","","","Mint",""
"0x1e54cdccadf902331f24e16af50c3e51f21d330e497312d9052d5faf229b8f9a","43904515","1686750398","2023-06-14 13:46:38","0xfbb01a6d78cdeef45f381e9975c652c7ef3e7c52","0x038c0998f580798f849ee8841a7e5dd5040f8df8","","0","0","0","0.0332372","0.0211222406","0.62","","","Mint",""
"0xe676309df7001b4bdb8797bdf6577880286f776457f76684c70d38675e3d34b2","43904519","1686750406","2023-06-14 13:46:46","0xfbb01a6d78cdeef45f381e9975c652c7ef3e7c52","0x038c0998f580798f849ee8841a7e5dd5040f8df8","","0","0","0","0.0332372","0.0211222406","0.62","","","Mint",""
"0xfc216d80d101b7a3ebc3fad027a415a3eb77b5119a41d78e8e28395171f972f5","43904523","1686750414","2023-06-14 13:46:54","0xfbb01a6d78cdeef45f381e9975c652c7ef3e7c52","0x038c0998f580798f849ee8841a7e5dd5040f8df8","","0","0","0","0.0332372","0.0211222406","0.62","","","Mint",""
"0x34e8655d9a4368f74c9e68aa470fd27889558e66afcef015651194fa732955f1","43904527","1686750422","2023-06-14 13:47:02","0xfbb01a6d78cdeef45f381e9975c652c7ef3e7c52","0x038c0998f580798f849ee8841a7e5dd5040f8df8","","0","0","0","0.0332372","0.0211222406","0.62","","","Mint",""
"0x8aa19222929b4ce93b6bb438fa2b740539b049a69a1d5c3914052f33d9c885e3","43904530","1686750430","2023-06-14 13:47:10","0xfbb01a6d78cdeef45f381e9975c652c7ef3e7c52","0x038c0998f580798f849ee8841a7e5dd5040f8df8","","0","0","0","0.0332372","0.0211222406","0.62","","","Mint",""
"0x2e3d16ca4b972115080e15b4f7a15f2400e86b48c162d1a2c390bfc0cd742000","43904535","1686750440","2023-06-14 13:47:20","0xfbb01a6d78cdeef45f381e9975c652c7ef3e7c52","0x038c0998f580798f849ee8841a7e5dd5040f8df8","","0","0","0","0.0332372","0.0211222406","0.62","","","Mint",""
"0xe9c8e5e2a6735cac8d6a2be23569032ab4eee5e8fe2a9dbbf17ffe030cf0f833","43904538","1686750446","2023-06-14 13:47:26","0xfbb01a6d78cdeef45f381e9975c652c7ef3e7c52","0x038c0998f580798f849ee8841a7e5dd5040f8df8","","0","0","0","0.0332372","0.0211222406","0.62","","","Mint",""
"0x2ed8a4a558c2773ee9347a12a02b9eb0bcdf6a51183f4317a506eec76163f5ec","43904542","1686750454","2023-06-14 13:47:34","0xfbb01a6d78cdeef45f381e9975c652c7ef3e7c52","0x038c0998f580798f849ee8841a7e5dd5040f8df8","","0","0","0","0.0332372","0.0211222406","0.62","","","Mint",""
"0xd16f68835187f70562417878e3c94ea2ba250098eef8719c3393ff0d310ccc1a","43904545","1686750466","2023-06-14 13:47:46","0xfbb01a6d78cdeef45f381e9975c652c7ef3e7c52","0x038c0998f580798f849ee8841a7e5dd5040f8df8","","0","0","0","0.0332372","0.0211222406","0.62","","","Mint",""
"0x71e27851dcd21512415e291eea57b11610ffefc2c57337c8cbe665e543e299f8","43904546","1686750470","2023-06-14 13:47:50","0xfbb01a6d78cdeef45f381e9975c652c7ef3e7c52","0x038c0998f580798f849ee8841a7e5dd5040f8df8","","0","0","0","0.0332372","0.0211222406","0.62","","","Mint",""
"0xfc6e072b2c8f059311c3571e8e40491db03d4ed97a821f099326b39bf484594c","43905818","1686753526","2023-06-14 14:38:46","0x25375e1dafa37a31069d323a37a6f93eaf356123","0x038c0998f580798f849ee8841a7e5dd5040f8df8","","0","0","0","0.030909","0.0196426695","0.62","","","Grant Role",""
"0x82a179fbcffc858ef7aedfebf2458dae0b6562fc5043e4363c327e4314419ef5","43905825","1686753552","2023-06-14 14:39:12","0x25375e1dafa37a31069d323a37a6f93eaf356123","0x038c0998f580798f849ee8841a7e5dd5040f8df8","","0","0","0","0.019959","0.0126839445","0.62","","","Set Royalties",""
"0x7be80d04f9021cd4a9d1d696ff709562c13787559164c08efba2006a8bceea41","43905833","1686753568","2023-06-14 14:39:28","0x25375e1dafa37a31069d323a37a6f93eaf356123","0x038c0998f580798f849ee8841a7e5dd5040f8df8","","0","0","0","0.0177036","0.0112506378","0.62","","","Revoke Role",""
"0x59e3e18bddb497147a0afcf8ba7dc72102223df48578778ccf06f4fd4cd0bb8f","43905940","1686753806","2023-06-14 14:43:26","0x25375e1dafa37a31069d323a37a6f93eaf356123","0x038c0998f580798f849ee8841a7e5dd5040f8df8","","0","0","0","0.0177036","0.0112506378","0.62","","","Revoke Role",""
"0xecbfde972ce7de741157c10f3310fbcbefd4875a252f33e4f1afdee7888484c8","44208491","1687442708","2023-06-22 14:05:08","0xfbb01a6d78cdeef45f381e9975c652c7ef3e7c52","0x038c0998f580798f849ee8841a7e5dd5040f8df8","","0","0","0","0.0185152","0.0117664096","0.66","","","Set Approval For All",""
"0x60e0d0b664132ec03614780753b1be9e9a3c38447a5fd9e16af477ae1c0b78e1","44209100","1687444061","2023-06-22 14:27:41","0xfbb01a6d78cdeef45f381e9975c652c7ef3e7c52","0x038c0998f580798f849ee8841a7e5dd5040f8df8","","0","0","0","0.0105552","0.0067078296","0.66","","","Set Approval For All",""
